GROUP,PACKAGE,CLASS,INSTRUCTION_MISSED,INSTRUCTION_COVERED,BRANCH_MISSED,BRANCH_COVERED,LINE_MISSED,LINE_COVERED,COMPLEXITY_MISSED,COMPLEXITY_COVERED,METHOD_MISSED,METHOD_COVERED
monprojet,default,Main,4,0,0,0,2,0,2,0,2,0
monprojet,outils,Validation,21,0,0,0,5,0,3,0,3,0
monprojet,outils,FileStr,115,0,6,0,26,0,6,0,3,0
monprojet,dao,AthleteDao,0,69,0,6,0,9,0,5,0,2
monprojet,dao,FileReader,12,0,0,0,4,0,4,0,4,0
monprojet,dao,SportDao,0,45,0,2,0,7,0,3,0,2
monprojet,dao,PaysDao,0,45,0,2,0,7,0,3,0,2
monprojet,domaine,Pays,0,65,0,2,0,12,0,13,0,12
monprojet,domaine,Athlete,0,56,0,2,0,8,0,9,0,8
monprojet,domaine,Sport,0,40,0,2,0,7,0,8,0,7
monprojet,domaine,Contrat,0,31,0,0,0,6,0,5,0,5
monprojet,vue,LstAthletesObserver,41,0,6,0,10,0,5,0,2,0
monprojet,vue,FrmMain.new ItemListener() {...},11,0,0,0,3,0,2,0,2,0
monprojet,vue,FrmMain.new ItemListener() {...},11,0,0,0,3,0,2,0,2,0
monprojet,vue,FrmMain.new WindowAdapter() {...},16,0,0,0,5,0,3,0,3,0
monprojet,vue,FrmMain,408,0,4,0,96,0,11,0,9,0
monprojet,vue,LstPaysObserver,32,0,4,0,4,0,4,0,2,0
monprojet,vue,FrmMain.new ItemListener() {...},11,0,0,0,3,0,2,0,2,0
monprojet,vue,LstSportsObserver,32,0,4,0,4,0,4,0,2,0
monprojet,vue,DetailsAthletesObserver,78,0,2,0,15,0,3,0,2,0
monprojet,metier,ModelePays,22,12,0,0,6,3,1,3,1,3
monprojet,metier,ListeObjects,28,68,8,8,2,14,7,9,1,7
monprojet,metier,ModeleAthletes,37,0,0,0,8,0,4,0,4,0
monprojet,metier,Action,6,16,0,0,2,3,2,2,2,2
monprojet,metier,ModeleSports,34,0,0,0,9,0,4,0,4,0
